{
  "step": "lsh",
  "signature_seconds": 0.18080279103014618,
  "candidate_seconds": 0.48089674999937415,
  "verification_seconds": 0.010277334018610418,
  "total_seconds": 0.6719768750481308,
  "all_item_pairs": 56238315,
  "candidate_ratio": 1.4225177265712886e-06,
  "num_items": 10606,
  "num_hashes": 200,
  "seed": 42,
  "bands": 25,
  "rows_per_band": 8,
  "num_candidates": 80,
  "num_nontrivial_buckets": 1523,
  "max_bucket_size": 4,
  "mean_bucket_size": 2.0492449113591595,
  "verified_pairs": 80,
  "top_k": 10,
  "verification_mode": "batched_sparse_dot",
  "verification_batches": 76,
  "verify_batch_size": 8192,
  "signature_quality": {
    "samples": 200,
    "nonzero_pairs_available": 768843,
    "mean_absolute_error": 0.008057187372088177,
    "pearson_correlation": 0.9899156148840502
  },
  "created_at_epoch": 1775668442.7030752,
  "recall_at_k": 0.0015155103007340753,
  "results_dir": "results/amazon_musical_instruments_5core/sweep_tuning_r1_r2_r4/runs/k200_b25_r8"
}