{
  "samples": 200,
  "nonzero_pairs_available": 768843,
  "mean_absolute_error": 0.020140752568274273,
  "pearson_correlation": 0.9388009228939762
}