{
  "step": "lsh",
  "signature_seconds": 0.11596670799190179,
  "candidate_seconds": 0.4477080840151757,
  "verification_seconds": 0.025092999974731356,
  "total_seconds": 0.5887677919818088,
  "all_item_pairs": 56238315,
  "candidate_ratio": 4.694308497685252e-06,
  "num_items": 10606,
  "num_hashes": 120,
  "seed": 42,
  "bands": 30,
  "rows_per_band": 4,
  "num_candidates": 264,
  "num_nontrivial_buckets": 2079,
  "max_bucket_size": 5,
  "mean_bucket_size": 2.0548340548340547,
  "verified_pairs": 264,
  "top_k": 10,
  "verification_mode": "batched_sparse_dot",
  "verification_batches": 232,
  "verify_batch_size": 8192,
  "signature_quality": {
    "samples": 200,
    "nonzero_pairs_available": 768843,
    "mean_absolute_error": 0.00955082442322361,
    "pearson_correlation": 0.9835357043915182
  },
  "created_at_epoch": 1775668434.422127,
  "recall_at_k": 0.00452758702344305,
  "results_dir": "results/amazon_musical_instruments_5core/sweep_tuning_r1_r2_r4/runs/k120_b30_r4"
}