{
  "samples": 200,
  "nonzero_pairs_available": 768843,
  "mean_absolute_error": 0.00955082442322361,
  "pearson_correlation": 0.9835357043915182
}