{
  "subset_size": 10606,
  "num_items_total": 10606,
  "top_k": 10,
  "num_hashes": 100,
  "bands": 50,
  "rows_per_band": 2,
  "seed": 42,
  "naive": {
    "time_seconds": 20.269082957995124,
    "pairs_evaluated": 56238315
  },
  "sparse_exact": {
    "time_seconds": 0.6563441249891184,
    "nonzero_intersection_pairs": 768843
  },
  "lsh": {
    "time_seconds": 1.7582982499152422,
    "signature_seconds": 0.09192599996458739,
    "candidate_seconds": 0.8301710419473238,
    "verification_seconds": 0.836201208003331,
    "num_candidates": 35643,
    "candidate_ratio": 0.0006337849916022555,
    "recall_at_k": 0.27175941273975845
  },
  "speedup_lsh_vs_naive": 11.527670552462975,
  "speedup_lsh_vs_sparse_exact": 0.3732837276160385
}