{
  "samples": 200,
  "nonzero_pairs_available": 768843,
  "mean_absolute_error": 0.01565272753277429,
  "pearson_correlation": 0.9595484602963646
}