{
  "samples": 200,
  "nonzero_pairs_available": 768843,
  "mean_absolute_error": 0.017667450386631405,
  "pearson_correlation": 0.9511256523413758
}