{
  "samples": 200,
  "mean_absolute_error": 0.00641908188470165,
  "pearson_correlation": 0.9001926320630891
}