{
  "step": "lsh",
  "signature_seconds": 0.0688621670124121,
  "candidate_seconds": 0.2659022079897113,
  "verification_seconds": 0.09976749995257705,
  "total_seconds": 0.43453187495470047,
  "all_item_pairs": 56238315,
  "candidate_ratio": 2.3187038943112004e-05,
  "num_items": 10606,
  "num_hashes": 60,
  "seed": 42,
  "bands": 20,
  "rows_per_band": 3,
  "num_candidates": 1304,
  "num_nontrivial_buckets": 2049,
  "max_bucket_size": 10,
  "mean_bucket_size": 2.140068326012689,
  "verified_pairs": 1304,
  "top_k": 10,
  "verification_mode": "batched_sparse_dot",
  "verification_batches": 896,
  "verify_batch_size": 8192,
  "signature_quality": {
    "samples": 200,
    "nonzero_pairs_available": 768843,
    "mean_absolute_error": 0.014565549850923868,
    "pearson_correlation": 0.9633424534850112
  },
  "created_at_epoch": 1775668420.971549,
  "recall_at_k": 0.01829978688136396,
  "results_dir": "results/amazon_musical_instruments_5core/sweep_tuning_r1_r2_r4/runs/k60_b20_r3"
}