{
  "samples": 200,
  "nonzero_pairs_available": 768843,
  "mean_absolute_error": 0.021905733000287305,
  "pearson_correlation": 0.9167562567035927
}