{
  "samples": 200,
  "nonzero_pairs_available": 768843,
  "mean_absolute_error": 0.010135501978667145,
  "pearson_correlation": 0.9828842516791316
}