{
  "samples": 200,
  "nonzero_pairs_available": 768843,
  "mean_absolute_error": 0.011879982498698666,
  "pearson_correlation": 0.9744249743971514
}