{
  "samples": 200,
  "nonzero_pairs_available": 768843,
  "mean_absolute_error": 0.014565549850923868,
  "pearson_correlation": 0.9633424534850112
}