{
  "step": "lsh",
  "signature_seconds": 0.18078312504803762,
  "candidate_seconds": 0.40508933301316574,
  "verification_seconds": 0.010516542010009289,
  "total_seconds": 0.5963890000712126,
  "all_item_pairs": 56238315,
  "candidate_ratio": 1.3691733118248653e-06,
  "num_items": 10606,
  "num_hashes": 200,
  "seed": 42,
  "bands": 20,
  "rows_per_band": 10,
  "num_candidates": 77,
  "num_nontrivial_buckets": 1196,
  "max_bucket_size": 4,
  "mean_bucket_size": 2.0501672240802677,
  "verified_pairs": 77,
  "top_k": 10,
  "verification_mode": "batched_sparse_dot",
  "verification_batches": 73,
  "verify_batch_size": 8192,
  "signature_quality": {
    "samples": 200,
    "nonzero_pairs_available": 768843,
    "mean_absolute_error": 0.008057187372088177,
    "pearson_correlation": 0.9899156148840502
  },
  "created_at_epoch": 1775668441.707507,
  "recall_at_k": 0.0014586786644565474,
  "results_dir": "results/amazon_musical_instruments_5core/sweep_tuning_r1_r2_r4/runs/k200_b20_r10"
}